{
  "params": {
    "tau_element": 14.999427339284189,
    "tau_chamber": 25.003306931790686,
    "tau_bean": 119.99989443330249,
    "K_hp": 1.0043779645041593,
    "K_ec": 0.3968816850862853,
    "K_loss": 0.12369144145480046,
    "k_fc0": 0.08,
    "k_fc1": 0.08012648489059722,
    "K_beans": 0.05,
    "T_amb": 25.0
  },
  "metrics": {
    "bt_rmse": 13.480813053955613,
    "et_rmse": 2.3362053371206235,
    "n": 888.0,
    "cost": 14.648915722515925,
    "success": 1.0
  },
  "baseline_metrics": {
    "bt_rmse": 13.672949631747185,
    "et_rmse": 11.447782713698597,
    "n": 888.0
  },
  "n_traces": 23,
  "horizon_s": 15.0
}
